id;ten;email;dien_thoai
1;man up;Carey59@yahoo.com;female lume
2;Cambridgeshire;Giovani41@yahoo.com;grayXXXXXX
3;silver;Russel86@yahoo.com;whileXXXXX
4;Bicycle maroon;Guy_Von42@yahoo.com;disturbXXX
5;Polonium;Osborne.Labadie38@hotmail.com;RockXXXXXX
6;Wisconsin;Lauriane.Ratke@gmail.com;Buckinghams
7;Designer Berkshire Cargo;Garth_Kreiger@yahoo.com;maiores ex
8;Illinois interfaces;Lucienne_Wiza58@yahoo.com;hackingXXX
9;World male;Lorenzo_Lebsack98@gmail.com;panel Grani
10;Customer Central withdrawal;Jayne.Ankunding@hotmail.com;copyXXXXXX
